UPOS,gpt4o,gpt35t,perplexity,claude
DET,25.2,24.3,30.6,24.3
SPACE,25.0,-12.5,50.0,6.2
NOUN,21.7,26.7,23.0,26.7
CCONJ,19.2,46.2,42.3,-30.8
VERB,6.4,17.9,-9.0,-2.6
ADP,2.6,1.8,1.8,19.3
INTJ,0.0,0.0,0.0,0.0
ADV,-1.6,-9.4,-22.7,2.3
AUX,-2.8,5.6,5.6,-11.1
PRON,-17.0,-12.8,-31.9,-29.8
PROPN,-17.2,-25.3,5.7,1.1
ADJ,-18.2,-45.5,0.0,-36.4
PART,-20.0,-20.0,-20.0,-40.0
SCONJ,-20.0,0.0,-20.0,-60.0
PUNCT,-21.8,-22.5,-22.5,-32.4
X,-50.0,-62.5,-62.5,-75.0
NUM,-60.0,-64.0,-36.0,-36.0
